Titulo ,Descripcion ,Link ,Telefono
Bluemice ,Todos los servicios de organización de eventos  estrategias de marketing online y producción audiovisual  en uno. ,https://www.eventoplus.com/directorio/proveedores/6088/bluemice/ ,+34914460075
ÀgoraEvents ,Si tus eventos hablasen de ti... ¿qué te gustaría que dijeran? ,https://www.eventoplus.com/directorio/proveedores/6060/agora-events/ ,+34 932 427 714
FadusSpecialEvents ,High end event design. ,https://www.eventoplus.com/directorio/proveedores/5816/fadus-special-events/ ,joao.pestana@fadus.pt
Trescom ,La agencia de las 3 Cs ,https://www.eventoplus.com/directorio/proveedores/5601/https:-www.trescomcomunicacion.es-utm_medium=eventoplus-utm_source=enlace-utm_campaign=ficha_eventoplus/ ,91 411 58 68
MTP2Eventos ,Organizadores de eventos. ,https://www.eventoplus.com/directorio/proveedores/5815/mtp2-eventos/ ,margaridasantos@mtp.pt
TailorEvents ,Eventos personalizados en toda Europa. Somos una agencia de eventos con servicio completo ,https://www.eventoplus.com/directorio/proveedores/4110/tailor-events/ ,info@eventbarcelona.es
BSTEvents ,La historia de cada uno de nuestros proyectos tiene un inicio  un nudo y un desenlace  fases en las que sacamos nuestra mejor versión. ,https://www.eventoplus.com/directorio/proveedores/5283/bst-events/ ,dayana.orozco@bst.es
ParafinaComunicación ,En Parafina Comunicación ofrecemos servicio a todas aquellas empresas que hacen del Evento algo fundamental dentro de su Plan de Marketing ,https://www.eventoplus.com/directorio/proveedores/3412/parafina-comunicacion/ ,916 292 414
ATTENTIVE-ComunicaciónyEventos ,Eventos corporativos en los que priman los pequeños detalles ,https://www.eventoplus.com/directorio/proveedores/3008/attentive-comunicacion-y-eventos/ ,919412686
Torrents&Friends ,Más de 25 años creando y produciendo eventos de empresa para una comunicación creativa  eficaz y rentable. ,https://www.eventoplus.com/directorio/proveedores/815/torrents-friends/ ,932521250
Pleisure ,No hacemos eventos  creamos ilusiones. ,https://www.eventoplus.com/directorio/proveedores/5173/pleisure/ ,93 508 63 00
DICOMEvents ,Juntos somos únicos. ,https://www.eventoplus.com/directorio/proveedores/2987/dicom-events/ ,666343748
AccionaIngenieríaCultural ,Experiencias transformadoras con un impacto positivo en las personas y el entorno  resultado de la unión entre creatividad  innovación y sostenibilidad. ,https://www.eventoplus.com/directorio/proveedores/6034/acciona-ingenieria-cultural/ ,
BOXDEIDEAS ,Aplicamos nuestra experiencia y recursos para hacer cada evento especial. ,https://www.eventoplus.com/directorio/proveedores/3770/box-de-ideas/ ,info@boxdeideas.com
Dissimility ,Ideamos y organizamos eventos. Eventos innovadores  eventos creativos. ,https://www.eventoplus.com/directorio/proveedores/3490/dissimility/ ,609183451
StaffGlobalGroup ,En Staff Global Group creemos que todos vemos el mundo a través de la experiencias que vivimos  por eso ofrecemos servicios integrales de activación  hospitality  eventos  producción  tecnología y ETT creados para generar experiencias únicas. ,https://www.eventoplus.com/directorio/proveedores/5935/staff-global-group/ ,910 32 50 78
CapitalEvento ,Somos artesanos de los deseos de nuestros clientes. ,https://www.eventoplus.com/directorio/proveedores/4246/capital-evento/ ,+34 608 754 477
AMEXGBTSPAIN(AmericanExpressGlobalBusinessTravel) ,40 años aportando un valor diferencial a clientes locales e internacionales ,https://www.eventoplus.com/directorio/proveedores/5579/amex-gbt-spain-(american-express-global-business-travel)/ ,91 385 85 49
LIGHTHOUSE ,Imagine together create for you ,https://www.eventoplus.com/directorio/proveedores/6077/lighthouse/ ,665513885
Nuba ,Es tu momento. ,https://www.eventoplus.com/directorio/proveedores/5929/nuba/ ,91 745 4745
InusualEvents , ,https://www.eventoplus.com/directorio/proveedores/6000/inusual-events/ , 913 51 0540
UnitElements ,Agencia especializada en la creación de eventos online y offline. ,https://www.eventoplus.com/directorio/proveedores/266/unit-elements/ ,info@unitelements.com
FocusEvents ,Focus Events  división de Grupo Focus  ofrece un Servicio Integral en producción y ejecución de eventos con firma de autor. Aportamos valor aña ,https://www.eventoplus.com/directorio/proveedores/5041/focus-events/ ,933 097 538
KuoniDestinationManagement ,Tu experto Internacional en Destinos realizando eventos creativos  dinámicos y memorables. ,https://www.eventoplus.com/directorio/proveedores/3572/kuoni/ ,91 52 45 673
LibertyInternationalSpain ,Liberty International Spain  simplemente viviendo experiencias únicas! ,https://www.eventoplus.com/directorio/proveedores/2865/liberty-international-spain/ ,+34 93 289 07 66 / +34 647 386 317
TheYellowB ,Tanto si es un evento indoor como outdoor  para 30 o 5000 personas  para presentar tu marca o tu nuevo modelo de coche volador  ¡cuenta con nosotros! ,https://www.eventoplus.com/directorio/proveedores/5275/the-yellowb/ ,679 368 153
CreaGroup|Event&DestinationManagement ,Organización profesional de eventos  reuniones  incentivos y conferencias (MICE). ,https://www.eventoplus.com/directorio/proveedores/3516/crea-group-event-management-barcelona/ ,934344325
InneventoComunicaciónEnVivo ,Diseño  Organización y Producción de eventos corporativos  artísticos deportivos  congresos… Eventos eficaces  medibles y sostenibles ,https://www.eventoplus.com/directorio/proveedores/717/innevento-comunicacion-en-vivo/ ,944 355  - fax 944287227
ZenitEventExpert ,Servicio 360º en la organización de eventos. ,https://www.eventoplus.com/directorio/proveedores/5459/zenit-event-expert/ ,91 633 88 47
GrupoRiC ,Propuestas a medida. ,https://www.eventoplus.com/directorio/proveedores/5952/reunions-i-ciencia-(grupo-ric)/ , 93 410 86 46
EVENTALISTA* ,En EVENTALISTA* somos especialistas en eventos  en generar experiencias adaptadas al mundo real que conecten al consumidor física  digital y emocional ,https://www.eventoplus.com/directorio/proveedores/3595/eventalista/ ,albertmartinez@eventalista.es
GrupoAbbsolute ,Agencia especializada en Acciones de Comunicación y Marketing sorprendentes a nivel nacional e internacional. ,https://www.eventoplus.com/directorio/proveedores/3979/grupo-abbsolute/ ,902099626
Trilope ,Cultura  belleza y criterio. 15 años de historia. ,https://www.eventoplus.com/directorio/proveedores/3748/trilope/ ,93 443 23 34
BCDmeeting&events ,BCD Travel es una empresa internacional líder en el sector de Business Travel y la gestión de Mice. Ayudamos a las empresas a sacar el máximo provecho de su presupuesto de viajes y eventos corporativos aportando soluciones eficaces a sus necesidades. ,https://www.eventoplus.com/directorio/proveedores/3764/bcd-meeting-events/ ,650 80 60 11
CreativeSpirit ,Agencia de Comunicación y Eventos Cannes  París  Barcelona. Especializados en Reuniones  Convenciones  Incentivos  Lanzamientos de Producto etc... ,https://www.eventoplus.com/directorio/proveedores/1524/creative-spirit/ ,93 218 39 60
GrupoGlow ,Grupo Glow: eventos y stands. 20 años creando emociones. ,https://www.eventoplus.com/directorio/proveedores/273/grupo-glow/ ,91 628 73 66
PolaitEvents ,Organización y producción de eventos corporativos e institucionales ,https://www.eventoplus.com/directorio/proveedores/4227/polait-events/ ,946 479 329
EstudiFerranSendra ,Diseño de espacios y experiencias de marca. ,https://www.eventoplus.com/directorio/proveedores/3349/estudi-ferran-sendra-s.l./ ,934 127 081
PMIEvents ,Aseguramos el éxito de su evento aportando un carácter innovador en sus Incentivos  Conferencias  Teambuilding  Outdoortraining.Oficinas en Palma de Mallorca. ,https://www.eventoplus.com/directorio/proveedores/723/pmi-events/ ,971 701 488
marbet ,marbet eventos ,https://www.eventoplus.com/directorio/proveedores/1965/marbet/ ,938602140
A10Grupo ,El momento de la verdad. Un cliente está a punto de comprar un producto... ¿Será el tuyo? ,https://www.eventoplus.com/directorio/proveedores/6071/a10-azafatas/ ,91 565 47 69
KenesGroup ,Confíe la organización de su evento en los expertos. ,https://www.eventoplus.com/directorio/proveedores/5918/kenes-group/ ,650563769
DUOEmotion ,El proyecto nace para dar respuesta a las necesidades de la industria en una nueva era y entorno. ,https://www.eventoplus.com/directorio/proveedores/6102/duo-emotion/ ,jorge@duoeb.com
OnDeckMarketing ,Una nueva forma de hacer comunicación  digital y eventos. ,https://www.eventoplus.com/directorio/proveedores/5720/on-deck-marketing/ ,91 806 08 60
ExploramásEventosyAventuras ,Exploramás es una Agencia de Eventos Corporativos.Desarrollamos eventos originales y de alto impacto adaptados a las necesidades de cada cliente. ,https://www.eventoplus.com/directorio/proveedores/2620/exploramas-eventos-y-aventuras/ ,952 477 951
CONNECT2ENJOY ,Creamos eventos que perduran en la memoria ,https://www.eventoplus.com/directorio/proveedores/5689/connect-2enjoy/ ,639 860 354 Anna / 696 577 193 Beatriz
Metacción ,Más allá de la acción. No se trata de lo que hemos hecho hasta hoy sino de lo que podemos crear. ,https://www.eventoplus.com/directorio/proveedores/5960/metaccion/ , 91 781 0138
CWTMeetings&Events ,Donde la creatividad se encuentra con el ROI ,https://www.eventoplus.com/directorio/proveedores/4318/carlson-wagon-travel/ ,673 78 81 38
beon.Events ,Más de 17 años sorprendiendo con nuestros eventos. ,https://www.eventoplus.com/directorio/proveedores/492/beonevents/ ,915 798 230
CostaDoradaExperience ,Actividades integrales basades en el Motor  gastronomia y Nautica en espacios unicos Reserva de la Biosfera. Team Building  Incentivos y Eventos ,https://www.eventoplus.com/directorio/proveedores/4543/calafat/ ,659 443 246 - 602 213 950
AllStars&Events ,Desde 2002 Prestamos todo tipo de servicios de Azafatas  Modelos  Promotoras  Traductores  Figurantes  Gogo`s para todo tipo de eventos. ,https://www.eventoplus.com/directorio/proveedores/278/all-stars-azafatas/ ,934 514 037
InOutTravel&Events ,Somos una agencia especializada en la organización de eventos y congresos  viajes de incentivo y business travel. ,https://www.eventoplus.com/directorio/proveedores/3417/in-out-travel-events/ ,91 187 83 93
SEEnetwork ,SEE network es una red de agencias internacionales especializadas en la organizacion de eventos coorporativos  automocion y incentivos. ,https://www.eventoplus.com/directorio/proveedores/5569/http:-www.see-network.com/ ,93 445 83 18
NanookAgency ,Servicios para la organización de eventos presenciales y digitales. ,https://www.eventoplus.com/directorio/proveedores/5932/nanook-agency/ ,+34 650 396 369
GrassRoots ,Eventos experienciales  eventos de canal y eventos motivacionales. ,https://www.eventoplus.com/directorio/proveedores/332/grass-roots/ ,91 5218338
Grow ,Somos una Agencia Creativa orgullosa de su independencia. ,https://www.eventoplus.com/directorio/proveedores/6092/grow-comunicacion/ ,91.388.61.46
InusualEvents ,Más de 20 años desarrollando proyectos para prestigiosas marcas: producción integral de eventos  congresos  stands  diseños 3d  interiorismo... ,https://www.eventoplus.com/directorio/proveedores/5558/inusual-events/ ,913 51 05 40
AbaniaOrganizacióndeEventos ,Organizamos eventos integrales con la mejor calidad de servicio ,https://www.eventoplus.com/directorio/proveedores/3807/abania-organizacion-de-eventos/ ,(+34)916093479
EDTEventos ,En EDT Eventos estamos especializados en la organización de eventos. ,https://www.eventoplus.com/directorio/proveedores/5537/edt-eventos/ ,913 27 40 51
DivertiaSmileCompany ,Nos gusta estar cerca de nuestros clientes  de nuestros colaboradores. Nos gusta trabajar juntos porque creemos que interactuando  compartiendo y cola ,https://www.eventoplus.com/directorio/proveedores/3783/divertia-smile-company/ ,91 343 03 20
MCISpainEventServices ,La mayor compañía global dedicada a la comunicación y organización de eventos. Con 60 oficinas a nivel mundial y más de 30 años de experiencias ,https://www.eventoplus.com/directorio/proveedores/1595/mci-group/ ,cesar.osorio@ovationdmc.com
OmnitelComunicaciones ,Te ofrecemos todos los medios necesarios para organizar tus eventos ,https://www.eventoplus.com/directorio/proveedores/2166/omnitel-comunicaciones/ ,934 674 326
Eferson ,Organización y producción de eventos increíbles ,https://www.eventoplus.com/directorio/proveedores/3803/eferson-projects/ ,607629186
T-madeEvents ,Entendemos sus metas  mantenemos su filosofía de negocio y nos involucramos en cada detalle de su evento. ,https://www.eventoplus.com/directorio/proveedores/3911/t-made-events/ ,93 268 99 48
LimónyMenta|EVENTOSMEDIBLES ,¿Quieres que tus eventos corporativos sean aún más efectivos y conviertan? Somos una agencia especializada en eventos inteligentes. ,https://www.eventoplus.com/directorio/proveedores/5827/limon-y-menta%C2%A0%7C-eventos-medibles/ ,640319468
La5ª ,Agencia de comunicación y eventos que trabaja con los 5 sentidos para que se conozca  se vea y se sienta el mensaje de cada marca. We build memories. ,https://www.eventoplus.com/directorio/proveedores/2985/la-5/ ,914363599
GlobaliaMeetings&Events ,Cuéntanos tu proyecto nos encanta compartir aventura ,https://www.eventoplus.com/directorio/proveedores/5568/globalia-meetings-events/ ,915425064
4ForEverything ,Compañía de diseño  organización y producción de eventos  ferias y congresos. Más de 10 años de experiencia en el sector. ,https://www.eventoplus.com/directorio/proveedores/5711/4-for-everything/ ,661591647
LapicaCompanies ,Mejoramos el rendimiento de los equipos ,https://www.eventoplus.com/directorio/proveedores/5095/lapica-trips-events/ ,932 053 667
InnaGlobal ,Desarrollando el futuro. Representamos otra manera de cuidar de la salud  del planeta y la economía ,https://www.eventoplus.com/directorio/proveedores/6115/inna-global/ ,91 378 70 02
Quum ,Desde 1986 conectando marcas con sus públicos ,https://www.eventoplus.com/directorio/proveedores/4915/quum/ ,91 442 60 26
CaetsuTwo ,CAETSU TWO es una agencia que integra de forma simple y ágil todo lo que una marca necesita para estar a la vanguardia de los eventos en Canarias. ,https://www.eventoplus.com/directorio/proveedores/4581/caetsu-two/ ,info@thisistwo.com
BESpainDMC&Events ,Diseñemos juntos una Experiencia inolvidable. Te ofrecemos un servicio profesional y a medida en toda España. ,https://www.eventoplus.com/directorio/proveedores/5944/b-events-spain/ ,951767135
Iag7viajes ,Nos encargamos de todo para que su evento sea un éxito. ,https://www.eventoplus.com/directorio/proveedores/5659/iag7-viajes/ ,91 725 04 42
POPINGROUP ,Somos una agencia creativa con amplia experiencia ,https://www.eventoplus.com/directorio/proveedores/1549/popin-group/ ,917 161 144
BacusEventos ,Agencia especializada en la creación y producción de experiencias para eventos de todo tipo ,https://www.eventoplus.com/directorio/proveedores/624/bacus-eventos/ ,620 25 77 77
Mediapro ,Productora líder en toda la cadena de valor del ámbito audiovisual ,https://www.eventoplus.com/directorio/proveedores/6110/mediapro/ ,915127800
BestWayCongresosyAzafatas ,En Best Way ofrecemos un servicio integral con cobertura nacional a empresas que requieran desde personal para eventos. ,https://www.eventoplus.com/directorio/proveedores/5832/best-way-azafatas/ ,6066262573
Events&Co ,Events & Co. fue fundada en 2000. ,https://www.eventoplus.com/directorio/proveedores/5801/events-co/ ,%20borjadelcuvillo@eventsandco.net
OcéanoAzulcomunicación ,Comunicación  Eventos  Congresos y Azafatas. Individualmente  una gota. Juntos  un océano. ,https://www.eventoplus.com/directorio/proveedores/4835/oceano-azul-comunicacion/ ,hola@oceano-azul.es
OpenMindEntertainment ,ACTITUD OPEN MIND. Formamos un equipo con mucha experiencia  con ganas de sorprender  de emocionar y de afrontar nuevos retos. ,https://www.eventoplus.com/directorio/proveedores/3846/open-mind-entertainment/ ,913729321
Evocarte ,Aportamos valor a la empresa anfitriona que se identifica con la cultura ,https://www.eventoplus.com/directorio/proveedores/4514/evocarte/ ,info@evocarte.com
BasqueExperiences ,Somos un DMC de marcado carácter innovador. ,https://www.eventoplus.com/directorio/proveedores/5776/basque-experiences/ ,kaixo@basqueexperiences.com
Romotur ,Romotur es un DMC de Bilbao que opera en el País Vasco  España y Portugal  con 20 años de experiencia en turismo receptivo. ,https://www.eventoplus.com/directorio/proveedores/5778/romotur/ ,info@romotur.com
Dpieventos ,Organización de eventos y acciones de comunicación. Soluciones integrales a empresas. ,https://www.eventoplus.com/directorio/proveedores/3400/dpi-eventos/ ,644676086
DestinationConsultant ,DMC especializada en Bilbao y Euskadi. ,https://www.eventoplus.com/directorio/proveedores/5777/destination-consultant/ ,gorka@basquecountry-spain-dmc.com
NautaliaEventos ,Un equipo especializado en la gestión de todo tipo de eventos corporativos ,https://www.eventoplus.com/directorio/proveedores/4326/nautalia-eventos/ ,francisco.arranz@nautaliaeventos.es
MediaCorporateBrandEventsManagement ,360º Events Management Agency.Corporativos congresos roadshows lanzamiento de productos .. ,https://www.eventoplus.com/directorio/proveedores/3875/media-corporate-brand/ ,mcb@mediacorporatebrand.com
NEXUS.Azafatas eventosypromociones ,Creamos experiencias únicas para transmitir tus valores ,https://www.eventoplus.com/directorio/proveedores/4830/nexus.-azafatas-eventos-y-promociones/ ,Info@nexusagencia.com
b&deventos ,b&d eventos es una Agencia de Azafatas y Organización de Eventos asentada en la provincia de Málaga con cobertura en toda España. ,https://www.eventoplus.com/directorio/proveedores/5694/b-d-eventos/ ,info@bydeventos.com
Otravis ,Tú sabes lo que quieres  nosotros sabemos cómo hacerlo realidad. ,https://www.eventoplus.com/directorio/proveedores/5810/otravis/ ,info@otravis.com
Atlanta travelandCorporateeventsconsultants ,Atlanta  Travel and Corporate Events Consultants  es el DMC y OPC que garantiza la perfecta organización de su evento. ,https://www.eventoplus.com/directorio/proveedores/5800/atlanta-travel-and-corporate-events-consultants/ ,933 672 422
MustEventos ,Grandes profesionales en el sector de eventos ,https://www.eventoplus.com/directorio/proveedores/4833/must-eventos/ ,615149263
